Workbook

Sheet Painel
A1: Conta | B1: Loja vende? | C1: Hero? | D1: Tendência GMV | E1: Ativas (0-4) | F1: Maduras (0-4) | G1: GMV total | H1: Ads R$ | I1: Comissões R$ | J1: Lives R$ | K1: Nº amostras | L1: Valor nominal R$ | M1: D1 | N1: D2 | O1: D3 | P1: D4 | Q1: Custo amostras | R1: CT% | S1: cod | T1: MOMENTO | U1: bD1 | V1: bD2 | W1: bD3 | X1: bD4 | Y1: g1 | Z1: g2 | AA1: g3 | AB1: g4 | AC1: DIMENSÃO PRIORITÁRIA | AD1: Zona CT%
A2: Mariana Amaral Acessórios | Q2: =IF(K2="","",K2*L2*0.06) | R2: =IFERROR((H2+I2+J2+Q2)/G2,"") | S2: =IF(B2="","",IF(B2="Não","M0",IF(C2="Não","M1",IF(D2="Caindo","M5",IF(D2="Estável",IF(F2>=2,"M6","M4"),IF(E2<=1,"M2","M3")))))) | T2: =IF(S2="","",S2&" — "&VLOOKUP(S2,ref!$A$2:$F$8,6,FALSE)) | U2: =IF($S2="","",VLOOKUP($S2,ref!$A$2:$F$8,2,FALSE)) | V2: =IF($S2="","",VLOOKUP($S2,ref!$A$2:$F$8,3,FALSE)) | W2: =IF($S2="","",VLOOKUP($S2,ref!$A$2:$F$8,4,FALSE)) | X2: =IF($S2="","",VLOOKUP($S2,ref!$A$2:$F$8,5,FALSE)) | Y2: =IF($S2="","",U2-M2) | Z2: =IF($S2="","",V2-N2) | AA2: =IF($S2="","",W2-O2) | AB2: =IF($S2="","",X2-P2) | AC2: =IF($S2="","",IF(MAX(Y2:AB2)<=0,"D1 (otimizar)",IF(Y2=MAX(Y2:AB2),"D1 Produtos",IF(AA2=MAX(Y2:AB2),"D3 Afiliados",IF(AB2=MAX(Y2:AB2),"D4 Social","D2 Ads"))))) | AD2: =IF(R2="","",IF(R2<=0.2,"🟢 Saudável",IF(R2<=0.35,"🟡 Atenção","🔴 Crítico")))
A3: Saint Germain | Q3: =IF(K3="","",K3*L3*0.06) | R3: =IFERROR((H3+I3+J3+Q3)/G3,"") | S3: =IF(B3="","",IF(B3="Não","M0",IF(C3="Não","M1",IF(D3="Caindo","M5",IF(D3="Estável",IF(F3>=2,"M6","M4"),IF(E3<=1,"M2","M3")))))) | T3: =IF(S3="","",S3&" — "&VLOOKUP(S3,ref!$A$2:$F$8,6,FALSE)) | U3: =IF($S3="","",VLOOKUP($S3,ref!$A$2:$F$8,2,FALSE)) | V3: =IF($S3="","",VLOOKUP($S3,ref!$A$2:$F$8,3,FALSE)) | W3: =IF($S3="","",VLOOKUP($S3,ref!$A$2:$F$8,4,FALSE)) | X3: =IF($S3="","",VLOOKUP($S3,ref!$A$2:$F$8,5,FALSE)) | Y3: =IF($S3="","",U3-M3) | Z3: =IF($S3="","",V3-N3) | AA3: =IF($S3="","",W3-O3) | AB3: =IF($S3="","",X3-P3) | AC3: =IF($S3="","",IF(MAX(Y3:AB3)<=0,"D1 (otimizar)",IF(Y3=MAX(Y3:AB3),"D1 Produtos",IF(AA3=MAX(Y3:AB3),"D3 Afiliados",IF(AB3=MAX(Y3:AB3),"D4 Social","D2 Ads"))))) | AD3: =IF(R3="","",IF(R3<=0.2,"🟢 Saudável",IF(R3<=0.35,"🟡 Atenção","🔴 Crítico")))
A4: Pétala Beauty | Q4: =IF(K4="","",K4*L4*0.06) | R4: =IFERROR((H4+I4+J4+Q4)/G4,"") | S4: =IF(B4="","",IF(B4="Não","M0",IF(C4="Não","M1",IF(D4="Caindo","M5",IF(D4="Estável",IF(F4>=2,"M6","M4"),IF(E4<=1,"M2","M3")))))) | T4: =IF(S4="","",S4&" — "&VLOOKUP(S4,ref!$A$2:$F$8,6,FALSE)) | U4: =IF($S4="","",VLOOKUP($S4,ref!$A$2:$F$8,2,FALSE)) | V4: =IF($S4="","",VLOOKUP($S4,ref!$A$2:$F$8,3,FALSE)) | W4: =IF($S4="","",VLOOKUP($S4,ref!$A$2:$F$8,4,FALSE)) | X4: =IF($S4="","",VLOOKUP($S4,ref!$A$2:$F$8,5,FALSE)) | Y4: =IF($S4="","",U4-M4) | Z4: =IF($S4="","",V4-N4) | AA4: =IF($S4="","",W4-O4) | AB4: =IF($S4="","",X4-P4) | AC4: =IF($S4="","",IF(MAX(Y4:AB4)<=0,"D1 (otimizar)",IF(Y4=MAX(Y4:AB4),"D1 Produtos",IF(AA4=MAX(Y4:AB4),"D3 Afiliados",IF(AB4=MAX(Y4:AB4),"D4 Social","D2 Ads"))))) | AD4: =IF(R4="","",IF(R4<=0.2,"🟢 Saudável",IF(R4<=0.35,"🟡 Atenção","🔴 Crítico")))
A5: Potere Joias | Q5: =IF(K5="","",K5*L5*0.06) | R5: =IFERROR((H5+I5+J5+Q5)/G5,"") | S5: =IF(B5="","",IF(B5="Não","M0",IF(C5="Não","M1",IF(D5="Caindo","M5",IF(D5="Estável",IF(F5>=2,"M6","M4"),IF(E5<=1,"M2","M3")))))) | T5: =IF(S5="","",S5&" — "&VLOOKUP(S5,ref!$A$2:$F$8,6,FALSE)) | U5: =IF($S5="","",VLOOKUP($S5,ref!$A$2:$F$8,2,FALSE)) | V5: =IF($S5="","",VLOOKUP($S5,ref!$A$2:$F$8,3,FALSE)) | W5: =IF($S5="","",VLOOKUP($S5,ref!$A$2:$F$8,4,FALSE)) | X5: =IF($S5="","",VLOOKUP($S5,ref!$A$2:$F$8,5,FALSE)) | Y5: =IF($S5="","",U5-M5) | Z5: =IF($S5="","",V5-N5) | AA5: =IF($S5="","",W5-O5) | AB5: =IF($S5="","",X5-P5) | AC5: =IF($S5="","",IF(MAX(Y5:AB5)<=0,"D1 (otimizar)",IF(Y5=MAX(Y5:AB5),"D1 Produtos",IF(AA5=MAX(Y5:AB5),"D3 Afiliados",IF(AB5=MAX(Y5:AB5),"D4 Social","D2 Ads"))))) | AD5: =IF(R5="","",IF(R5<=0.2,"🟢 Saudável",IF(R5<=0.35,"🟡 Atenção","🔴 Crítico")))
A6: Manalinda | Q6: =IF(K6="","",K6*L6*0.06) | R6: =IFERROR((H6+I6+J6+Q6)/G6,"") | S6: =IF(B6="","",IF(B6="Não","M0",IF(C6="Não","M1",IF(D6="Caindo","M5",IF(D6="Estável",IF(F6>=2,"M6","M4"),IF(E6<=1,"M2","M3")))))) | T6: =IF(S6="","",S6&" — "&VLOOKUP(S6,ref!$A$2:$F$8,6,FALSE)) | U6: =IF($S6="","",VLOOKUP($S6,ref!$A$2:$F$8,2,FALSE)) | V6: =IF($S6="","",VLOOKUP($S6,ref!$A$2:$F$8,3,FALSE)) | W6: =IF($S6="","",VLOOKUP($S6,ref!$A$2:$F$8,4,FALSE)) | X6: =IF($S6="","",VLOOKUP($S6,ref!$A$2:$F$8,5,FALSE)) | Y6: =IF($S6="","",U6-M6) | Z6: =IF($S6="","",V6-N6) | AA6: =IF($S6="","",W6-O6) | AB6: =IF($S6="","",X6-P6) | AC6: =IF($S6="","",IF(MAX(Y6:AB6)<=0,"D1 (otimizar)",IF(Y6=MAX(Y6:AB6),"D1 Produtos",IF(AA6=MAX(Y6:AB6),"D3 Afiliados",IF(AB6=MAX(Y6:AB6),"D4 Social","D2 Ads"))))) | AD6: =IF(R6="","",IF(R6<=0.2,"🟢 Saudável",IF(R6<=0.35,"🟡 Atenção","🔴 Crítico")))
A7: Bela Blue | Q7: =IF(K7="","",K7*L7*0.06) | R7: =IFERROR((H7+I7+J7+Q7)/G7,"") | S7: =IF(B7="","",IF(B7="Não","M0",IF(C7="Não","M1",IF(D7="Caindo","M5",IF(D7="Estável",IF(F7>=2,"M6","M4"),IF(E7<=1,"M2","M3")))))) | T7: =IF(S7="","",S7&" — "&VLOOKUP(S7,ref!$A$2:$F$8,6,FALSE)) | U7: =IF($S7="","",VLOOKUP($S7,ref!$A$2:$F$8,2,FALSE)) | V7: =IF($S7="","",VLOOKUP($S7,ref!$A$2:$F$8,3,FALSE)) | W7: =IF($S7="","",VLOOKUP($S7,ref!$A$2:$F$8,4,FALSE)) | X7: =IF($S7="","",VLOOKUP($S7,ref!$A$2:$F$8,5,FALSE)) | Y7: =IF($S7="","",U7-M7) | Z7: =IF($S7="","",V7-N7) | AA7: =IF($S7="","",W7-O7) | AB7: =IF($S7="","",X7-P7) | AC7: =IF($S7="","",IF(MAX(Y7:AB7)<=0,"D1 (otimizar)",IF(Y7=MAX(Y7:AB7),"D1 Produtos",IF(AA7=MAX(Y7:AB7),"D3 Afiliados",IF(AB7=MAX(Y7:AB7),"D4 Social","D2 Ads"))))) | AD7: =IF(R7="","",IF(R7<=0.2,"🟢 Saudável",IF(R7<=0.35,"🟡 Atenção","🔴 Crítico")))
A8: Personalize Pharma | Q8: =IF(K8="","",K8*L8*0.06) | R8: =IFERROR((H8+I8+J8+Q8)/G8,"") | S8: =IF(B8="","",IF(B8="Não","M0",IF(C8="Não","M1",IF(D8="Caindo","M5",IF(D8="Estável",IF(F8>=2,"M6","M4"),IF(E8<=1,"M2","M3")))))) | T8: =IF(S8="","",S8&" — "&VLOOKUP(S8,ref!$A$2:$F$8,6,FALSE)) | U8: =IF($S8="","",VLOOKUP($S8,ref!$A$2:$F$8,2,FALSE)) | V8: =IF($S8="","",VLOOKUP($S8,ref!$A$2:$F$8,3,FALSE)) | W8: =IF($S8="","",VLOOKUP($S8,ref!$A$2:$F$8,4,FALSE)) | X8: =IF($S8="","",VLOOKUP($S8,ref!$A$2:$F$8,5,FALSE)) | Y8: =IF($S8="","",U8-M8) | Z8: =IF($S8="","",V8-N8) | AA8: =IF($S8="","",W8-O8) | AB8: =IF($S8="","",X8-P8) | AC8: =IF($S8="","",IF(MAX(Y8:AB8)<=0,"D1 (otimizar)",IF(Y8=MAX(Y8:AB8),"D1 Produtos",IF(AA8=MAX(Y8:AB8),"D3 Afiliados",IF(AB8=MAX(Y8:AB8),"D4 Social","D2 Ads"))))) | AD8: =IF(R8="","",IF(R8<=0.2,"🟢 Saudável",IF(R8<=0.35,"🟡 Atenção","🔴 Crítico")))
A9: Biobone | Q9: =IF(K9="","",K9*L9*0.06) | R9: =IFERROR((H9+I9+J9+Q9)/G9,"") | S9: =IF(B9="","",IF(B9="Não","M0",IF(C9="Não","M1",IF(D9="Caindo","M5",IF(D9="Estável",IF(F9>=2,"M6","M4"),IF(E9<=1,"M2","M3")))))) | T9: =IF(S9="","",S9&" — "&VLOOKUP(S9,ref!$A$2:$F$8,6,FALSE)) | U9: =IF($S9="","",VLOOKUP($S9,ref!$A$2:$F$8,2,FALSE)) | V9: =IF($S9="","",VLOOKUP($S9,ref!$A$2:$F$8,3,FALSE)) | W9: =IF($S9="","",VLOOKUP($S9,ref!$A$2:$F$8,4,FALSE)) | X9: =IF($S9="","",VLOOKUP($S9,ref!$A$2:$F$8,5,FALSE)) | Y9: =IF($S9="","",U9-M9) | Z9: =IF($S9="","",V9-N9) | AA9: =IF($S9="","",W9-O9) | AB9: =IF($S9="","",X9-P9) | AC9: =IF($S9="","",IF(MAX(Y9:AB9)<=0,"D1 (otimizar)",IF(Y9=MAX(Y9:AB9),"D1 Produtos",IF(AA9=MAX(Y9:AB9),"D3 Afiliados",IF(AB9=MAX(Y9:AB9),"D4 Social","D2 Ads"))))) | AD9: =IF(R9="","",IF(R9<=0.2,"🟢 Saudável",IF(R9<=0.35,"🟡 Atenção","🔴 Crítico")))
A10: Hiven | Q10: =IF(K10="","",K10*L10*0.06) | R10: =IFERROR((H10+I10+J10+Q10)/G10,"") | S10: =IF(B10="","",IF(B10="Não","M0",IF(C10="Não","M1",IF(D10="Caindo","M5",IF(D10="Estável",IF(F10>=2,"M6","M4"),IF(E10<=1,"M2","M3")))))) | T10: =IF(S10="","",S10&" — "&VLOOKUP(S10,ref!$A$2:$F$8,6,FALSE)) | U10: =IF($S10="","",VLOOKUP($S10,ref!$A$2:$F$8,2,FALSE)) | V10: =IF($S10="","",VLOOKUP($S10,ref!$A$2:$F$8,3,FALSE)) | W10: =IF($S10="","",VLOOKUP($S10,ref!$A$2:$F$8,4,FALSE)) | X10: =IF($S10="","",VLOOKUP($S10,ref!$A$2:$F$8,5,FALSE)) | Y10: =IF($S10="","",U10-M10) | Z10: =IF($S10="","",V10-N10) | AA10: =IF($S10="","",W10-O10) | AB10: =IF($S10="","",X10-P10) | AC10: =IF($S10="","",IF(MAX(Y10:AB10)<=0,"D1 (otimizar)",IF(Y10=MAX(Y10:AB10),"D1 Produtos",IF(AA10=MAX(Y10:AB10),"D3 Afiliados",IF(AB10=MAX(Y10:AB10),"D4 Social","D2 Ads"))))) | AD10: =IF(R10="","",IF(R10<=0.2,"🟢 Saudável",IF(R10<=0.35,"🟡 Atenção","🔴 Crítico")))
A11: Risty | Q11: =IF(K11="","",K11*L11*0.06) | R11: =IFERROR((H11+I11+J11+Q11)/G11,"") | S11: =IF(B11="","",IF(B11="Não","M0",IF(C11="Não","M1",IF(D11="Caindo","M5",IF(D11="Estável",IF(F11>=2,"M6","M4"),IF(E11<=1,"M2","M3")))))) | T11: =IF(S11="","",S11&" — "&VLOOKUP(S11,ref!$A$2:$F$8,6,FALSE)) | U11: =IF($S11="","",VLOOKUP($S11,ref!$A$2:$F$8,2,FALSE)) | V11: =IF($S11="","",VLOOKUP($S11,ref!$A$2:$F$8,3,FALSE)) | W11: =IF($S11="","",VLOOKUP($S11,ref!$A$2:$F$8,4,FALSE)) | X11: =IF($S11="","",VLOOKUP($S11,ref!$A$2:$F$8,5,FALSE)) | Y11: =IF($S11="","",U11-M11) | Z11: =IF($S11="","",V11-N11) | AA11: =IF($S11="","",W11-O11) | AB11: =IF($S11="","",X11-P11) | AC11: =IF($S11="","",IF(MAX(Y11:AB11)<=0,"D1 (otimizar)",IF(Y11=MAX(Y11:AB11),"D1 Produtos",IF(AA11=MAX(Y11:AB11),"D3 Afiliados",IF(AB11=MAX(Y11:AB11),"D4 Social","D2 Ads"))))) | AD11: =IF(R11="","",IF(R11<=0.2,"🟢 Saudável",IF(R11<=0.35,"🟡 Atenção","🔴 Crítico")))
A12: Nouf Cosméticos | Q12: =IF(K12="","",K12*L12*0.06) | R12: =IFERROR((H12+I12+J12+Q12)/G12,"") | S12: =IF(B12="","",IF(B12="Não","M0",IF(C12="Não","M1",IF(D12="Caindo","M5",IF(D12="Estável",IF(F12>=2,"M6","M4"),IF(E12<=1,"M2","M3")))))) | T12: =IF(S12="","",S12&" — "&VLOOKUP(S12,ref!$A$2:$F$8,6,FALSE)) | U12: =IF($S12="","",VLOOKUP($S12,ref!$A$2:$F$8,2,FALSE)) | V12: =IF($S12="","",VLOOKUP($S12,ref!$A$2:$F$8,3,FALSE)) | W12: =IF($S12="","",VLOOKUP($S12,ref!$A$2:$F$8,4,FALSE)) | X12: =IF($S12="","",VLOOKUP($S12,ref!$A$2:$F$8,5,FALSE)) | Y12: =IF($S12="","",U12-M12) | Z12: =IF($S12="","",V12-N12) | AA12: =IF($S12="","",W12-O12) | AB12: =IF($S12="","",X12-P12) | AC12: =IF($S12="","",IF(MAX(Y12:AB12)<=0,"D1 (otimizar)",IF(Y12=MAX(Y12:AB12),"D1 Produtos",IF(AA12=MAX(Y12:AB12),"D3 Afiliados",IF(AB12=MAX(Y12:AB12),"D4 Social","D2 Ads"))))) | AD12: =IF(R12="","",IF(R12<=0.2,"🟢 Saudável",IF(R12<=0.35,"🟡 Atenção","🔴 Crítico")))
A13: Pangeia 96 | Q13: =IF(K13="","",K13*L13*0.06) | R13: =IFERROR((H13+I13+J13+Q13)/G13,"") | S13: =IF(B13="","",IF(B13="Não","M0",IF(C13="Não","M1",IF(D13="Caindo","M5",IF(D13="Estável",IF(F13>=2,"M6","M4"),IF(E13<=1,"M2","M3")))))) | T13: =IF(S13="","",S13&" — "&VLOOKUP(S13,ref!$A$2:$F$8,6,FALSE)) | U13: =IF($S13="","",VLOOKUP($S13,ref!$A$2:$F$8,2,FALSE)) | V13: =IF($S13="","",VLOOKUP($S13,ref!$A$2:$F$8,3,FALSE)) | W13: =IF($S13="","",VLOOKUP($S13,ref!$A$2:$F$8,4,FALSE)) | X13: =IF($S13="","",VLOOKUP($S13,ref!$A$2:$F$8,5,FALSE)) | Y13: =IF($S13="","",U13-M13) | Z13: =IF($S13="","",V13-N13) | AA13: =IF($S13="","",W13-O13) | AB13: =IF($S13="","",X13-P13) | AC13: =IF($S13="","",IF(MAX(Y13:AB13)<=0,"D1 (otimizar)",IF(Y13=MAX(Y13:AB13),"D1 Produtos",IF(AA13=MAX(Y13:AB13),"D3 Afiliados",IF(AB13=MAX(Y13:AB13),"D4 Social","D2 Ads"))))) | AD13: =IF(R13="","",IF(R13<=0.2,"🟢 Saudável",IF(R13<=0.35,"🟡 Atenção","🔴 Crítico")))
... A34: Beroc | Q34: =IF(K34="","",K34*L34*0.06) | R34: =IFERROR((H34+I34+J34+Q34)/G34,"") | S34: =IF(B34="","",IF(B34="Não","M0",IF(C34="Não","M1",IF(D34="Caindo","M5",IF(D34="Estável",IF(F34>=2,"M6","M4"),IF(E34<=1,"M2","M3")))))) | T34: =IF(S34="","",S34&" — "&VLOOKUP(S34,ref!$A$2:$F$8,6,FALSE)) | U34: =IF($S34="","",VLOOKUP($S34,ref!$A$2:$F$8,2,FALSE)) | V34: =IF($S34="","",VLOOKUP($S34,ref!$A$2:$F$8,3,FALSE)) | W34: =IF($S34="","",VLOOKUP($S34,ref!$A$2:$F$8,4,FALSE)) | X34: =IF($S34="","",VLOOKUP($S34,ref!$A$2:$F$8,5,FALSE)) | Y34: =IF($S34="","",U34-M34) | Z34: =IF($S34="","",V34-N34) | AA34: =IF($S34="","",W34-O34) | AB34: =IF($S34="","",X34-P34) | AC34: =IF($S34="","",IF(MAX(Y34:AB34)<=0,"D1 (otimizar)",IF(Y34=MAX(Y34:AB34),"D1 Produtos",IF(AA34=MAX(Y34:AB34),"D3 Afiliados",IF(AB34=MAX(Y34:AB34),"D4 Social","D2 Ads"))))) | AD34: =IF(R34="","",IF(R34<=0.2,"🟢 Saudável",IF(R34<=0.35,"🟡 Atenção","🔴 Crítico")))
A35: PeachUp | B35: Sim | C35: Sim | D35: Crescendo | E35: 1 | F35: 0 | G35: 10662 | H35: 0 | I35: 0 | J35: 0 | K35: 834 | L35: 219 | M35: 2.5 | N35: 1.5 | O35: 3.5 | P35: 2.5 | Q35: =IF(K35="","",K35*L35*0.06) | R35: =IFERROR((H35+I35+J35+Q35)/G35,"") | S35: =IF(B35="","",IF(B35="Não","M0",IF(C35="Não","M1",IF(D35="Caindo","M5",IF(D35="Estável",IF(F35>=2,"M6","M4"),IF(E35<=1,"M2","M3")))))) | T35: =IF(S35="","",S35&" — "&VLOOKUP(S35,ref!$A$2:$F$8,6,FALSE)) | U35: =IF($S35="","",VLOOKUP($S35,ref!$A$2:$F$8,2,FALSE)) | V35: =IF($S35="","",VLOOKUP($S35,ref!$A$2:$F$8,3,FALSE)) | W35: =IF($S35="","",VLOOKUP($S35,ref!$A$2:$F$8,4,FALSE)) | X35: =IF($S35="","",VLOOKUP($S35,ref!$A$2:$F$8,5,FALSE)) | Y35: =IF($S35="","",U35-M35) | Z35: =IF($S35="","",V35-N35) | AA35: =IF($S35="","",W35-O35) | AB35: =IF($S35="","",X35-P35) | AC35: =IF($S35="","",IF(MAX(Y35:AB35)<=0,"D1 (otimizar)",IF(Y35=MAX(Y35:AB35),"D1 Produtos",IF(AA35=MAX(Y35:AB35),"D3 Afiliados",IF(AB35=MAX(Y35:AB35),"D4 Social","D2 Ads"))))) | AD35: =IF(R35="","",IF(R35<=0.2,"🟢 Saudável",IF(R35<=0.35,"🟡 Atenção","🔴 Crítico")))
A36: Pharma e Natural | Q36: =IF(K36="","",K36*L36*0.06) | R36: =IFERROR((H36+I36+J36+Q36)/G36,"") | S36: =IF(B36="","",IF(B36="Não","M0",IF(C36="Não","M1",IF(D36="Caindo","M5",IF(D36="Estável",IF(F36>=2,"M6","M4"),IF(E36<=1,"M2","M3")))))) | T36: =IF(S36="","",S36&" — "&VLOOKUP(S36,ref!$A$2:$F$8,6,FALSE)) | U36: =IF($S36="","",VLOOKUP($S36,ref!$A$2:$F$8,2,FALSE)) | V36: =IF($S36="","",VLOOKUP($S36,ref!$A$2:$F$8,3,FALSE)) | W36: =IF($S36="","",VLOOKUP($S36,ref!$A$2:$F$8,4,FALSE)) | X36: =IF($S36="","",VLOOKUP($S36,ref!$A$2:$F$8,5,FALSE)) | Y36: =IF($S36="","",U36-M36) | Z36: =IF($S36="","",V36-N36) | AA36: =IF($S36="","",W36-O36) | AB36: =IF($S36="","",X36-P36) | AC36: =IF($S36="","",IF(MAX(Y36:AB36)<=0,"D1 (otimizar)",IF(Y36=MAX(Y36:AB36),"D1 Produtos",IF(AA36=MAX(Y36:AB36),"D3 Afiliados",IF(AB36=MAX(Y36:AB36),"D4 Social","D2 Ads"))))) | AD36: =IF(R36="","",IF(R36<=0.2,"🟢 Saudável",IF(R36<=0.35,"🟡 Atenção","🔴 Crítico")))
A37: Mossy Brand | B37: Sim | C37: Sim | D37: Crescendo | E37: 3 | F37: 2 | G37: 46986 | H37: 4651 | I37: 2794 | J37: 0 | K37: 22 | L37: 120 | M37: 3 | N37: 4.5 | O37: 4 | P37: 3 | Q37: =IF(K37="","",K37*L37*0.06) | R37: =IFERROR((H37+I37+J37+Q37)/G37,"") | S37: =IF(B37="","",IF(B37="Não","M0",IF(C37="Não","M1",IF(D37="Caindo","M5",IF(D37="Estável",IF(F37>=2,"M6","M4"),IF(E37<=1,"M2","M3")))))) | T37: =IF(S37="","",S37&" — "&VLOOKUP(S37,ref!$A$2:$F$8,6,FALSE)) | U37: =IF($S37="","",VLOOKUP($S37,ref!$A$2:$F$8,2,FALSE)) | V37: =IF($S37="","",VLOOKUP($S37,ref!$A$2:$F$8,3,FALSE)) | W37: =IF($S37="","",VLOOKUP($S37,ref!$A$2:$F$8,4,FALSE)) | X37: =IF($S37="","",VLOOKUP($S37,ref!$A$2:$F$8,5,FALSE)) | Y37: =IF($S37="","",U37-M37) | Z37: =IF($S37="","",V37-N37) | AA37: =IF($S37="","",W37-O37) | AB37: =IF($S37="","",X37-P37) | AC37: =IF($S37="","",IF(MAX(Y37:AB37)<=0,"D1 (otimizar)",IF(Y37=MAX(Y37:AB37),"D1 Produtos",IF(AA37=MAX(Y37:AB37),"D3 Afiliados",IF(AB37=MAX(Y37:AB37),"D4 Social","D2 Ads"))))) | AD37: =IF(R37="","",IF(R37<=0.2,"🟢 Saudável",IF(R37<=0.35,"🟡 Atenção","🔴 Crítico")))
A38: Zenaví | Q38: =IF(K38="","",K38*L38*0.06) | R38: =IFERROR((H38+I38+J38+Q38)/G38,"") | S38: =IF(B38="","",IF(B38="Não","M0",IF(C38="Não","M1",IF(D38="Caindo","M5",IF(D38="Estável",IF(F38>=2,"M6","M4"),IF(E38<=1,"M2","M3")))))) | T38: =IF(S38="","",S38&" — "&VLOOKUP(S38,ref!$A$2:$F$8,6,FALSE)) | U38: =IF($S38="","",VLOOKUP($S38,ref!$A$2:$F$8,2,FALSE)) | V38: =IF($S38="","",VLOOKUP($S38,ref!$A$2:$F$8,3,FALSE)) | W38: =IF($S38="","",VLOOKUP($S38,ref!$A$2:$F$8,4,FALSE)) | X38: =IF($S38="","",VLOOKUP($S38,ref!$A$2:$F$8,5,FALSE)) | Y38: =IF($S38="","",U38-M38) | Z38: =IF($S38="","",V38-N38) | AA38: =IF($S38="","",W38-O38) | AB38: =IF($S38="","",X38-P38) | AC38: =IF($S38="","",IF(MAX(Y38:AB38)<=0,"D1 (otimizar)",IF(Y38=MAX(Y38:AB38),"D1 Produtos",IF(AA38=MAX(Y38:AB38),"D3 Afiliados",IF(AB38=MAX(Y38:AB38),"D4 Social","D2 Ads"))))) | AD38: =IF(R38="","",IF(R38<=0.2,"🟢 Saudável",IF(R38<=0.35,"🟡 Atenção","🔴 Crítico")))
A39: Bothanico | Q39: =IF(K39="","",K39*L39*0.06) | R39: =IFERROR((H39+I39+J39+Q39)/G39,"") | S39: =IF(B39="","",IF(B39="Não","M0",IF(C39="Não","M1",IF(D39="Caindo","M5",IF(D39="Estável",IF(F39>=2,"M6","M4"),IF(E39<=1,"M2","M3")))))) | T39: =IF(S39="","",S39&" — "&VLOOKUP(S39,ref!$A$2:$F$8,6,FALSE)) | U39: =IF($S39="","",VLOOKUP($S39,ref!$A$2:$F$8,2,FALSE)) | V39: =IF($S39="","",VLOOKUP($S39,ref!$A$2:$F$8,3,FALSE)) | W39: =IF($S39="","",VLOOKUP($S39,ref!$A$2:$F$8,4,FALSE)) | X39: =IF($S39="","",VLOOKUP($S39,ref!$A$2:$F$8,5,FALSE)) | Y39: =IF($S39="","",U39-M39) | Z39: =IF($S39="","",V39-N39) | AA39: =IF($S39="","",W39-O39) | AB39: =IF($S39="","",X39-P39) | AC39: =IF($S39="","",IF(MAX(Y39:AB39)<=0,"D1 (otimizar)",IF(Y39=MAX(Y39:AB39),"D1 Produtos",IF(AA39=MAX(Y39:AB39),"D3 Afiliados",IF(AB39=MAX(Y39:AB39),"D4 Social","D2 Ads"))))) | AD39: =IF(R39="","",IF(R39<=0.2,"🟢 Saudável",IF(R39<=0.35,"🟡 Atenção","🔴 Crítico")))
A40: Eumemo | Q40: =IF(K40="","",K40*L40*0.06) | R40: =IFERROR((H40+I40+J40+Q40)/G40,"") | S40: =IF(B40="","",IF(B40="Não","M0",IF(C40="Não","M1",IF(D40="Caindo","M5",IF(D40="Estável",IF(F40>=2,"M6","M4"),IF(E40<=1,"M2","M3")))))) | T40: =IF(S40="","",S40&" — "&VLOOKUP(S40,ref!$A$2:$F$8,6,FALSE)) | U40: =IF($S40="","",VLOOKUP($S40,ref!$A$2:$F$8,2,FALSE)) | V40: =IF($S40="","",VLOOKUP($S40,ref!$A$2:$F$8,3,FALSE)) | W40: =IF($S40="","",VLOOKUP($S40,ref!$A$2:$F$8,4,FALSE)) | X40: =IF($S40="","",VLOOKUP($S40,ref!$A$2:$F$8,5,FALSE)) | Y40: =IF($S40="","",U40-M40) | Z40: =IF($S40="","",V40-N40) | AA40: =IF($S40="","",W40-O40) | AB40: =IF($S40="","",X40-P40) | AC40: =IF($S40="","",IF(MAX(Y40:AB40)<=0,"D1 (otimizar)",IF(Y40=MAX(Y40:AB40),"D1 Produtos",IF(AA40=MAX(Y40:AB40),"D3 Afiliados",IF(AB40=MAX(Y40:AB40),"D4 Social","D2 Ads"))))) | AD40: =IF(R40="","",IF(R40<=0.2,"🟢 Saudável",IF(R40<=0.35,"🟡 Atenção","🔴 Crítico")))
A41: Gabee Joias | Q41: =IF(K41="","",K41*L41*0.06) | R41: =IFERROR((H41+I41+J41+Q41)/G41,"") | S41: =IF(B41="","",IF(B41="Não","M0",IF(C41="Não","M1",IF(D41="Caindo","M5",IF(D41="Estável",IF(F41>=2,"M6","M4"),IF(E41<=1,"M2","M3")))))) | T41: =IF(S41="","",S41&" — "&VLOOKUP(S41,ref!$A$2:$F$8,6,FALSE)) | U41: =IF($S41="","",VLOOKUP($S41,ref!$A$2:$F$8,2,FALSE)) | V41: =IF($S41="","",VLOOKUP($S41,ref!$A$2:$F$8,3,FALSE)) | W41: =IF($S41="","",VLOOKUP($S41,ref!$A$2:$F$8,4,FALSE)) | X41: =IF($S41="","",VLOOKUP($S41,ref!$A$2:$F$8,5,FALSE)) | Y41: =IF($S41="","",U41-M41) | Z41: =IF($S41="","",V41-N41) | AA41: =IF($S41="","",W41-O41) | AB41: =IF($S41="","",X41-P41) | AC41: =IF($S41="","",IF(MAX(Y41:AB41)<=0,"D1 (otimizar)",IF(Y41=MAX(Y41:AB41),"D1 Produtos",IF(AA41=MAX(Y41:AB41),"D3 Afiliados",IF(AB41=MAX(Y41:AB41),"D4 Social","D2 Ads"))))) | AD41: =IF(R41="","",IF(R41<=0.2,"🟢 Saudável",IF(R41<=0.35,"🟡 Atenção","🔴 Crítico")))
A42: Kah Decor | Q42: =IF(K42="","",K42*L42*0.06) | R42: =IFERROR((H42+I42+J42+Q42)/G42,"") | S42: =IF(B42="","",IF(B42="Não","M0",IF(C42="Não","M1",IF(D42="Caindo","M5",IF(D42="Estável",IF(F42>=2,"M6","M4"),IF(E42<=1,"M2","M3")))))) | T42: =IF(S42="","",S42&" — "&VLOOKUP(S42,ref!$A$2:$F$8,6,FALSE)) | U42: =IF($S42="","",VLOOKUP($S42,ref!$A$2:$F$8,2,FALSE)) | V42: =IF($S42="","",VLOOKUP($S42,ref!$A$2:$F$8,3,FALSE)) | W42: =IF($S42="","",VLOOKUP($S42,ref!$A$2:$F$8,4,FALSE)) | X42: =IF($S42="","",VLOOKUP($S42,ref!$A$2:$F$8,5,FALSE)) | Y42: =IF($S42="","",U42-M42) | Z42: =IF($S42="","",V42-N42) | AA42: =IF($S42="","",W42-O42) | AB42: =IF($S42="","",X42-P42) | AC42: =IF($S42="","",IF(MAX(Y42:AB42)<=0,"D1 (otimizar)",IF(Y42=MAX(Y42:AB42),"D1 Produtos",IF(AA42=MAX(Y42:AB42),"D3 Afiliados",IF(AB42=MAX(Y42:AB42),"D4 Social","D2 Ads"))))) | AD42: =IF(R42="","",IF(R42<=0.2,"🟢 Saudável",IF(R42<=0.35,"🟡 Atenção","🔴 Crítico")))

Sheet ref
A1: Cód | B1: D1 | C1: D2 | D1: D3 | E1: D4 | F1: Nome
A2: M0 | B2: 3 | C2: 0 | D2: 0.5 | E2: 1 | F2: Probatório
A3: M1 | B3: 3.5 | C3: 1 | D3: 2 | E3: 2 | F3: Lançamento
A4: M2 | B4: 4 | C4: 2 | D4: 3 | E4: 2.5 | F4: Tração inicial
A5: M3 | B5: 4 | C5: 3.5 | D5: 4 | E5: 3 | F5: Escala
A6: M4 | B6: 4 | C6: 4 | D6: 4 | E6: 3.5 | F6: Platô
A7: M5 | B7: 4 | C7: 3 | D7: 3.5 | E7: 3 | F7: Crise/Queda
A8: M6 | B8: 5 | C8: 4 | D8: 4.5 | E8: 4 | F8: Maturidade

Sheet Como usar
A1: PAINEL DE PORTFÓLIO 4D — COMO USAR
A3: 1. Preencha as células AMARELAS de cada conta na aba 'Painel'. As colunas escondidas e as de fundo cinza calculam sozinhas.
A4: 2. Para classificar o MOMENTO bastam 5 campos: Loja vende? · Hero? · Tendência GMV · Ativas · Maduras.
A5: 3. Para o CT% preencha: GMV total · Ads · Comissões · Lives · Nº amostras · Valor nominal (custo de amostra = nº × nominal × 6%).
A6: 4. Para o scorecard dê notas 0–5 em D1, D2, D3, D4 (0 inexistente · 3 ok · 5 referência).
A7: 5. Saídas automáticas: MOMENTO · CT% · DIMENSÃO PRIORITÁRIA · Zona CT%.
A9: Régua 0–5: 0 inexistente · 1 iniciando · 2 fraco · 3 ok · 4 forte · 5 referência.
A10: Tendência: use sua leitura das últimas semanas (não precisa do histórico de faturamento).
A11: PeachUp e Mossy Brand já vêm preenchidas como exemplo (as 2 contas já classificadas).
A12: Onde achar cada dado: ver o Guia de Coleta (Fluxo de Classificacao/Guia de Coleta).
